itemd_id,branch_id,branch_name,kategori_id,kategori_name,umur_aset_bulan,frekuensi_issuing_6bulan,frekuensi_return_6bulan,avg_durasi_pemakaian_hari,total_hari_digunakan,jumlah_kerusakan,hari_sejak_kerusakan_terakhir,pernah_diperbaiki,posisi_saat_ini,lama_di_customer_hari,intensitas_penggunaan_score,perlu_diganti,estimasi_bulan_penggantian
2541,1,Siaptek-Jakarta,1,"Heavy Equipment",95,8,8,6.25,841,7,13,1,warehouse,0,3.8,1,0
2542,1,Siaptek-Jakarta,2,"Lifting Appliances",60,0,0,0,585,3,1421,1,warehouse,0,0,0,25
2544,1,Siaptek-Jakarta,3,"Lifting Gears & Rigging",10,0,0,0,0,0,999,0,warehouse,0,0,0,97
2545,1,Siaptek-Jakarta,5,"Fire Fighting & HSE",55,0,0,0,426,4,1160,1,warehouse,0,0,0,9
2546,1,Siaptek-Jakarta,2,"Lifting Appliances",80,0,0,0,110,0,999,0,warehouse,0,0,0,34
2547,1,Siaptek-Jakarta,3,"Lifting Gears & Rigging",65,0,0,0,370,3,1422,1,warehouse,0,0,0,19
2548,1,Siaptek-Jakarta,1,"Heavy Equipment",30,1,0,0,302,3,336,1,warehouse,0,1,0,53
2549,1,Siaptek-Jakarta,3,"Lifting Gears & Rigging",35,0,0,0,380,0,999,0,warehouse,0,0,0,81
2551,1,Siaptek-Jakarta,4,"NDT Equipment",84,0,0,0,615,2,2003,1,warehouse,0,0,0,18
2552,1,Siaptek-Jakarta,7,"Industrial Gas & Pressure",39,0,0,0,927,1,723,1,warehouse,0,0,0,81
2553,1,Siaptek-Jakarta,3,"Lifting Gears & Rigging",31,2,1,75,214,3,646,1,warehouse,0,1.4,1,49
2554,1,Siaptek-Jakarta,3,"Lifting Gears & Rigging",82,0,0,0,302,3,1885,1,warehouse,0,0,0,2
2555,1,Siaptek-Jakarta,8,"Electrical & Electronics",24,1,0,0,0,2,49,1,warehouse,0,0.4,0,82
2556,1,Siaptek-Jakarta,3,"Lifting Gears & Rigging",39,0,1,0,907,5,559,1,warehouse,0,0,0,1
2557,1,Siaptek-Jakarta,5,"Fire Fighting & HSE",77,0,0,0,215,3,1667,1,warehouse,0,0,0,7
2559,1,Siaptek-Jakarta,8,"Electrical & Electronics",76,0,0,0,805,0,999,0,warehouse,0,0,0,49
2560,1,Siaptek-Jakarta,6,"Measurement & Testing",56,0,0,0,574,1,1226,1,warehouse,0,0,0,57
2561,1,Siaptek-Jakarta,4,"NDT Equipment",43,0,0,0,447,4,680,1,warehouse,0,0,0,22
2562,1,Siaptek-Jakarta,4,"NDT Equipment",79,0,0,0,391,2,1959,1,warehouse,0,0,0,24
2563,1,Siaptek-Jakarta,1,"Heavy Equipment",31,1,1,125,605,1,629,1,warehouse,0,1,0,79
2565,1,Siaptek-Jakarta,6,"Measurement & Testing",50,0,0,0,508,2,887,1,warehouse,0,0,0,46
2568,1,Siaptek-Jakarta,2,"Lifting Appliances",55,0,0,0,627,1,1044,1,warehouse,0,0,0,52
2569,1,Siaptek-Jakarta,4,"NDT Equipment",76,0,0,0,627,2,1819,1,warehouse,0,0,0,23
2570,1,Siaptek-Jakarta,4,"NDT Equipment",8,1,0,0,0,0,999,0,warehouse,0,0.4,0,106
2571,1,Siaptek-Jakarta,1,"Heavy Equipment",18,0,0,0,42,4,20,1,warehouse,0,0,0,44
2572,1,Siaptek-Jakarta,7,"Industrial Gas & Pressure",24,4,3,39,561,0,999,0,warehouse,0,2.2,1,81
2573,1,Siaptek-Jakarta,4,"NDT Equipment",6,1,1,74,74,0,999,0,warehouse,0,0.6467,0,129
2574,1,Siaptek-Jakarta,7,"Industrial Gas & Pressure",67,0,0,0,468,0,999,0,warehouse,0,0,0,54
2575,1,Siaptek-Jakarta,7,"Industrial Gas & Pressure",8,3,0,0,0,1,155,1,warehouse,0,1.2,0,99
2576,1,Siaptek-Jakarta,3,"Lifting Gears & Rigging",30,2,2,84,569,4,441,1,warehouse,0,1.4,1,31
2577,1,Siaptek-Jakarta,5,"Fire Fighting & HSE",66,0,0,0,633,2,1563,1,warehouse,0,0,0,39
2580,1,Siaptek-Jakarta,3,"Lifting Gears & Rigging",55,0,0,0,467,3,983,1,warehouse,0,0,0,31
2581,1,Siaptek-Jakarta,7,"Industrial Gas & Pressure",68,0,0,0,0,4,1356,1,warehouse,0,0,0,0
2582,1,Siaptek-Jakarta,8,"Electrical & Electronics",33,1,0,0,0,3,276,1,warehouse,0,0.4,0,50
2583,1,Siaptek-Jakarta,8,"Electrical & Electronics",32,2,1,0,509,0,999,0,warehouse,0,1.4,0,83
2584,1,Siaptek-Jakarta,7,"Industrial Gas & Pressure",81,0,0,0,114,2,2130,1,warehouse,0,0,0,18
2585,1,Siaptek-Jakarta,4,"NDT Equipment",62,0,0,0,407,2,1225,1,warehouse,0,0,0,34
2587,1,Siaptek-Jakarta,2,"Lifting Appliances",76,0,0,0,652,4,1741,1,warehouse,0,0,0,0
2588,1,Siaptek-Jakarta,8,"Electrical & Electronics",53,0,0,0,706,4,925,1,warehouse,0,0,0,9
2589,1,Siaptek-Jakarta,8,"Electrical & Electronics",9,1,1,0,179,0,999,0,warehouse,0,0.9967,0,127
2590,1,Siaptek-Jakarta,7,"Industrial Gas & Pressure",44,0,0,0,0,5,663,1,warehouse,0,0,0,0
2591,1,Siaptek-Jakarta,7,"Industrial Gas & Pressure",43,0,0,0,602,1,1231,1,warehouse,0,0,0,74
2592,1,Siaptek-Jakarta,5,"Fire Fighting & HSE",22,2,3,24,366,4,189,1,warehouse,0,1.4,1,32
2593,1,Siaptek-Jakarta,5,"Fire Fighting & HSE",13,2,3,41,250,3,13,1,warehouse,0,1.4,1,70
2594,1,Siaptek-Jakarta,2,"Lifting Appliances",56,0,0,0,1167,0,999,0,warehouse,0,0,0,72
2595,1,Siaptek-Jakarta,7,"Industrial Gas & Pressure",54,0,0,0,542,4,928,1,warehouse,0,0,0,9
2596,1,Siaptek-Jakarta,1,"Heavy Equipment",8,0,0,0,0,1,149,1,warehouse,0,0,0,111
2597,1,Siaptek-Jakarta,8,"Electrical & Electronics",68,0,0,0,848,2,1362,1,warehouse,0,0,0,28
2598,1,Siaptek-Jakarta,7,"Industrial Gas & Pressure",69,0,0,0,0,2,1763,1,warehouse,0,0,0,35
2599,1,Siaptek-Jakarta,2,"Lifting Appliances",79,0,0,0,1129,3,1833,1,warehouse,0,0,0,5
2600,1,Siaptek-Jakarta,1,"Heavy Equipment",42,0,1,0,368,3,956,1,warehouse,0,0,0,39
2602,1,Siaptek-Jakarta,5,"Fire Fighting & HSE",72,0,0,0,189,4,1525,1,warehouse,0,0,0,0
2603,1,Siaptek-Jakarta,2,"Lifting Appliances",53,0,0,0,427,2,1339,1,warehouse,0,0,0,44
2604,1,Siaptek-Jakarta,6,"Measurement & Testing",66,0,0,0,664,2,1860,1,warehouse,0,0,0,34
2605,1,Siaptek-Jakarta,6,"Measurement & Testing",66,0,0,0,1001,3,1307,1,warehouse,0,0,0,20
2606,1,Siaptek-Jakarta,7,"Industrial Gas & Pressure",84,0,0,0,273,3,1925,1,warehouse,0,0,0,0
2607,1,Siaptek-Jakarta,2,"Lifting Appliances",26,0,2,0,1071,3,257,1,warehouse,0,0,0,55
2608,1,Siaptek-Jakarta,5,"Fire Fighting & HSE",30,0,0,0,303,4,191,1,warehouse,0,0,0,35
2609,1,Siaptek-Jakarta,4,"NDT Equipment",65,0,0,0,298,2,1316,1,warehouse,0,0,0,31
2611,1,Siaptek-Jakarta,3,"Lifting Gears & Rigging",26,1,0,0,0,5,145,1,warehouse,0,0.4,0,13
2612,1,Siaptek-Jakarta,4,"NDT Equipment",73,0,0,0,242,1,1523,1,warehouse,0,0,0,39
2613,1,Siaptek-Jakarta,3,"Lifting Gears & Rigging",79,0,0,0,1281,0,999,0,warehouse,0,0,0,40
2614,1,Siaptek-Jakarta,2,"Lifting Appliances",47,0,0,0,573,2,713,1,warehouse,0,0,0,46
2615,1,Siaptek-Jakarta,7,"Industrial Gas & Pressure",73,0,0,0,358,1,1900,1,warehouse,0,0,0,40
2616,1,Siaptek-Jakarta,8,"Electrical & Electronics",21,2,1,79,298,0,999,0,warehouse,0,1.4,0,84
2617,1,Siaptek-Jakarta,8,"Electrical & Electronics",73,0,0,0,899,3,1502,1,warehouse,0,0,0,12
2618,1,Siaptek-Jakarta,4,"NDT Equipment",42,0,1,0,190,0,999,0,warehouse,0,0,0,82
2619,1,Siaptek-Jakarta,1,"Heavy Equipment",66,0,0,0,109,3,1401,1,warehouse,0,0,0,16
2620,1,Siaptek-Jakarta,3,"Lifting Gears & Rigging",27,2,0,0,385,5,193,1,warehouse,0,1.4,1,11
2621,1,Siaptek-Jakarta,1,"Heavy Equipment",37,0,1,0,697,0,999,0,warehouse,0,0,0,85
2622,1,Siaptek-Jakarta,3,"Lifting Gears & Rigging",20,2,0,0,239,3,47,1,warehouse,0,1.4,1,59
2623,1,Siaptek-Jakarta,3,"Lifting Gears & Rigging",38,0,1,0,974,4,576,1,warehouse,0,0,0,24
2624,1,Siaptek-Jakarta,3,"Lifting Gears & Rigging",16,4,0,0,0,3,54,1,warehouse,0,1.6,1,59
2625,1,Siaptek-Jakarta,1,"Heavy Equipment",32,2,1,0,323,5,262,1,warehouse,0,1.4,1,8
2626,1,Siaptek-Jakarta,4,"NDT Equipment",83,0,0,0,158,2,2137,1,warehouse,0,0,0,16
2627,1,Siaptek-Jakarta,8,"Electrical & Electronics",11,1,0,0,0,0,999,0,warehouse,0,0.4,0,98
2628,1,Siaptek-Jakarta,4,"NDT Equipment",73,0,0,0,313,5,1592,1,warehouse,0,0,0,0
2630,1,Siaptek-Jakarta,1,"Heavy Equipment",43,0,0,0,324,1,908,1,warehouse,0,0,0,66
2631,1,Siaptek-Jakarta,1,"Heavy Equipment",23,3,4,50.33,555,0,999,0,warehouse,0,1.8,0,81
2632,1,Siaptek-Jakarta,4,"NDT Equipment",57,0,0,0,185,4,1176,1,warehouse,0,0,0,6
2633,1,Siaptek-Jakarta,3,"Lifting Gears & Rigging",44,0,0,0,270,5,705,1,warehouse,0,0,0,0
2634,1,Siaptek-Jakarta,4,"NDT Equipment",81,0,0,0,0,4,2026,1,warehouse,0,0,0,0
2635,1,Siaptek-Jakarta,1,"Heavy Equipment",15,0,0,0,74,2,145,1,warehouse,0,0,0,91
2636,1,Siaptek-Jakarta,6,"Measurement & Testing",51,0,0,0,328,0,999,0,warehouse,0,0,0,62
2637,1,Siaptek-Jakarta,7,"Industrial Gas & Pressure",69,0,0,0,266,3,1708,1,warehouse,0,0,0,14
2638,1,Siaptek-Jakarta,2,"Lifting Appliances",27,0,0,0,205,0,999,0,warehouse,0,0,0,96
2639,1,Siaptek-Jakarta,3,"Lifting Gears & Rigging",69,0,0,0,353,5,1492,1,warehouse,0,0,0,0
2640,1,Siaptek-Jakarta,3,"Lifting Gears & Rigging",12,0,1,0,106,1,41,1,warehouse,0,0,0,95
2641,1,Siaptek-Jakarta,5,"Fire Fighting & HSE",27,0,0,0,127,5,326,1,warehouse,0,0,0,14
2642,1,Siaptek-Jakarta,1,"Heavy Equipment",19,0,0,0,0,3,305,1,warehouse,0,0,0,62
2643,1,Siaptek-Jakarta,5,"Fire Fighting & HSE",31,0,0,0,906,3,338,1,warehouse,0,0,0,60
2644,1,Siaptek-Jakarta,1,"Heavy Equipment",73,0,0,0,574,4,1626,1,warehouse,0,0,0,0
2645,1,Siaptek-Jakarta,8,"Electrical & Electronics",78,0,0,0,695,2,2166,1,warehouse,0,0,0,22
2646,1,Siaptek-Jakarta,5,"Fire Fighting & HSE",41,0,0,0,427,2,811,1,warehouse,0,0,0,51
2647,1,Siaptek-Jakarta,4,"NDT Equipment",53,0,0,0,678,4,1056,1,warehouse,0,0,0,11
2648,1,Siaptek-Jakarta,1,"Heavy Equipment",13,1,1,0,114,0,999,0,warehouse,0,0.78,0,93
2649,1,Siaptek-Jakarta,1,"Heavy Equipment",45,0,1,0,429,4,652,1,warehouse,0,0,0,17
2650,1,Siaptek-Jakarta,7,"Industrial Gas & Pressure",55,0,0,0,515,0,999,0,warehouse,0,0,0,70
2651,1,Siaptek-Jakarta,5,"Fire Fighting & HSE",54,0,0,0,0,2,1138,1,warehouse,0,0,0,44
2652,1,Siaptek-Jakarta,3,"Lifting Gears & Rigging",72,0,0,0,407,3,1464,1,warehouse,0,0,0,11
2653,1,Siaptek-Jakarta,5,"Fire Fighting & HSE",9,1,2,0,136,2,168,1,warehouse,0,0.8533,0,82
2654,1,Siaptek-Jakarta,5,"Fire Fighting & HSE",69,0,0,0,735,0,999,0,warehouse,0,0,0,49
2655,1,Siaptek-Jakarta,5,"Fire Fighting & HSE",73,0,0,0,110,5,1689,1,warehouse,0,0,0,0
2656,1,Siaptek-Jakarta,3,"Lifting Gears & Rigging",80,0,0,0,586,4,1755,1,warehouse,0,0,0,0
2658,1,Siaptek-Jakarta,1,"Heavy Equipment",65,0,0,0,396,5,1307,1,warehouse,0,0,0,0
2659,1,Siaptek-Jakarta,7,"Industrial Gas & Pressure",54,0,0,0,135,1,1192,1,warehouse,0,0,0,65
2660,1,Siaptek-Jakarta,2,"Lifting Appliances",84,0,0,0,599,3,1986,1,warehouse,0,0,0,0
2661,1,Siaptek-Jakarta,8,"Electrical & Electronics",35,0,0,0,0,3,639,1,warehouse,0,0,0,56
2662,1,Siaptek-Jakarta,1,"Heavy Equipment",29,2,2,136,832,3,171,1,warehouse,0,1.4,1,47
2663,1,Siaptek-Jakarta,6,"Measurement & Testing",37,0,0,0,0,3,668,1,warehouse,0,0,0,42
2664,1,Siaptek-Jakarta,3,"Lifting Gears & Rigging",6,1,0,0,0,0,999,0,warehouse,0,0.4,0,105
2665,1,Siaptek-Jakarta,4,"NDT Equipment",63,0,0,0,184,2,1377,1,warehouse,0,0,0,41
2666,1,Siaptek-Jakarta,4,"NDT Equipment",21,4,2,27.5,242,4,129,1,warehouse,0,2.2,1,32
2667,1,Siaptek-Jakarta,6,"Measurement & Testing",74,0,0,0,414,3,1596,1,warehouse,0,0,0,11
2668,1,Siaptek-Jakarta,8,"Electrical & Electronics",6,0,0,0,0,0,999,0,warehouse,0,0,0,103
2669,1,Siaptek-Jakarta,4,"NDT Equipment",42,0,3,0,1055,1,1074,1,warehouse,0,0,0,71
2670,1,Siaptek-Jakarta,4,"NDT Equipment",79,0,0,0,125,0,999,0,warehouse,0,0,0,46
2671,1,Siaptek-Jakarta,3,"Lifting Gears & Rigging",24,4,2,119,422,2,345,1,warehouse,0,2.2,1,64
2672,1,Siaptek-Jakarta,4,"NDT Equipment",73,0,0,0,563,0,999,0,warehouse,0,0,0,49
2673,1,Siaptek-Jakarta,4,"NDT Equipment",21,0,0,0,51,4,139,1,warehouse,0,0,0,45
2674,1,Siaptek-Jakarta,2,"Lifting Appliances",42,0,0,0,306,5,560,1,warehouse,0,0,0,0
2676,1,Siaptek-Jakarta,1,"Heavy Equipment",78,0,0,0,549,2,2082,1,warehouse,0,0,0,25
2677,1,Siaptek-Jakarta,8,"Electrical & Electronics",21,0,0,0,219,1,542,1,warehouse,0,0,0,82
2678,1,Siaptek-Jakarta,5,"Fire Fighting & HSE",59,0,0,0,828,0,999,0,warehouse,0,0,0,58
2680,1,Siaptek-Jakarta,7,"Industrial Gas & Pressure",39,0,0,0,116,0,999,0,warehouse,0,0,0,90
2681,1,Siaptek-Jakarta,3,"Lifting Gears & Rigging",26,0,0,0,0,3,73,1,warehouse,0,0,0,63
2682,1,Siaptek-Jakarta,3,"Lifting Gears & Rigging",13,1,0,0,0,2,255,1,warehouse,0,0.4,0,82
2683,1,Siaptek-Jakarta,8,"Electrical & Electronics",35,0,0,0,53,4,382,1,warehouse,0,0,0,32
2684,1,Siaptek-Jakarta,5,"Fire Fighting & HSE",78,0,0,0,698,0,999,0,warehouse,0,0,0,39
2685,1,Siaptek-Jakarta,6,"Measurement & Testing",68,0,0,0,1193,0,999,0,warehouse,0,0,0,47
2686,1,Siaptek-Jakarta,1,"Heavy Equipment",69,0,0,0,397,0,999,0,warehouse,0,0,0,46
2687,1,Siaptek-Jakarta,3,"Lifting Gears & Rigging",84,0,0,0,872,3,1850,1,warehouse,0,0,0,0
2688,1,Siaptek-Jakarta,8,"Electrical & Electronics",76,0,0,0,20,5,1680,1,warehouse,0,0,0,0
2689,1,Siaptek-Jakarta,6,"Measurement & Testing",7,0,0,0,0,0,999,0,warehouse,0,0,0,127
2690,1,Siaptek-Jakarta,5,"Fire Fighting & HSE",66,0,0,0,176,4,1344,1,warehouse,0,0,0,0
2691,1,Siaptek-Jakarta,6,"Measurement & Testing",37,0,0,0,0,3,429,1,warehouse,0,0,0,41
2692,1,Siaptek-Jakarta,1,"Heavy Equipment",13,0,1,0,152,3,32,1,warehouse,0,0,0,71
2693,1,Siaptek-Jakarta,1,"Heavy Equipment",22,1,1,84,515,1,537,1,warehouse,0,1,0,83
2694,1,Siaptek-Jakarta,6,"Measurement & Testing",55,0,0,0,0,5,1374,1,warehouse,0,0,0,0
2695,1,Siaptek-Jakarta,1,"Heavy Equipment",62,0,0,0,605,0,999,0,warehouse,0,0,0,56
2696,1,Siaptek-Jakarta,5,"Fire Fighting & HSE",65,0,0,0,609,2,1392,1,warehouse,0,0,0,39
2697,1,Siaptek-Jakarta,3,"Lifting Gears & Rigging",17,3,2,22.5,94,1,315,1,warehouse,0,1.5133,0,78
2698,1,Siaptek-Jakarta,8,"Electrical & Electronics",72,0,0,0,810,5,1661,1,warehouse,0,0,0,0
2699,1,Siaptek-Jakarta,5,"Fire Fighting & HSE",24,0,1,0,173,2,259,1,warehouse,0,0,0,87
2700,1,Siaptek-Jakarta,6,"Measurement & Testing",81,0,0,0,69,3,1864,1,warehouse,0,0,0,3
2701,1,Siaptek-Jakarta,5,"Fire Fighting & HSE",84,0,0,0,0,4,1940,1,warehouse,0,0,0,0
2702,1,Siaptek-Jakarta,6,"Measurement & Testing",19,0,1,0,171,0,999,0,warehouse,0,0,0,92
2703,1,Siaptek-Jakarta,5,"Fire Fighting & HSE",68,0,0,0,941,1,1711,1,warehouse,0,0,0,45
2704,1,Siaptek-Jakarta,7,"Industrial Gas & Pressure",72,0,0,0,945,4,1622,1,warehouse,0,0,0,0
2705,1,Siaptek-Jakarta,1,"Heavy Equipment",21,2,0,0,0,0,999,0,warehouse,0,0.8,0,85
2706,1,Siaptek-Jakarta,3,"Lifting Gears & Rigging",24,1,0,0,408,1,596,1,warehouse,0,1,0,81
2707,1,Siaptek-Jakarta,8,"Electrical & Electronics",50,0,0,0,751,3,987,1,warehouse,0,0,0,31
2708,1,Siaptek-Jakarta,7,"Industrial Gas & Pressure",31,4,1,60,167,4,383,1,warehouse,0,2.1567,1,25
2709,1,Siaptek-Jakarta,2,"Lifting Appliances",52,0,0,0,439,2,1310,1,warehouse,0,0,0,43
2710,1,Siaptek-Jakarta,1,"Heavy Equipment",72,0,0,0,652,1,1889,1,warehouse,0,0,0,39
2711,1,Siaptek-Jakarta,5,"Fire Fighting & HSE",70,0,0,0,928,2,1539,1,warehouse,0,0,0,28
2712,1,Siaptek-Jakarta,8,"Electrical & Electronics",62,0,0,0,537,2,1291,1,warehouse,0,0,0,42
2713,1,Siaptek-Jakarta,3,"Lifting Gears & Rigging",15,2,1,27,318,3,41,1,warehouse,0,1.4,1,58
2714,1,Siaptek-Jakarta,2,"Lifting Appliances",68,0,0,0,0,1,1799,1,warehouse,0,0,0,42
2715,1,Siaptek-Jakarta,1,"Heavy Equipment",21,0,1,0,158,1,20,1,warehouse,0,0,0,100
2717,1,Siaptek-Jakarta,2,"Lifting Appliances",54,0,0,0,371,2,1124,1,warehouse,0,0,0,41
2718,1,Siaptek-Jakarta,7,"Industrial Gas & Pressure",25,0,0,0,91,3,47,1,warehouse,0,0,0,59
2719,1,Siaptek-Jakarta,4,"NDT Equipment",63,0,0,0,488,1,1570,1,warehouse,0,0,0,47
2720,1,Siaptek-Jakarta,7,"Industrial Gas & Pressure",35,3,1,101,369,1,628,1,warehouse,0,1.8,1,80
2721,1,Siaptek-Jakarta,4,"NDT Equipment",56,0,0,0,0,0,999,0,warehouse,0,0,0,63
2722,1,Siaptek-Jakarta,8,"Electrical & Electronics",9,0,0,0,0,0,999,0,warehouse,0,0,0,100
2723,1,Siaptek-Jakarta,6,"Measurement & Testing",76,0,0,0,698,4,1693,1,warehouse,0,0,0,0
2724,1,Siaptek-Jakarta,6,"Measurement & Testing",66,0,0,0,496,4,1467,1,warehouse,0,0,0,0
2727,1,Siaptek-Jakarta,7,"Industrial Gas & Pressure",73,0,0,0,0,4,1665,1,warehouse,0,0,0,0
2728,1,Siaptek-Jakarta,7,"Industrial Gas & Pressure",8,0,0,0,0,1,92,1,warehouse,0,0,0,104
2729,1,Siaptek-Jakarta,8,"Electrical & Electronics",84,0,0,0,322,5,1863,1,warehouse,0,0,0,0
2730,1,Siaptek-Jakarta,1,"Heavy Equipment",49,0,0,0,1017,2,1053,1,warehouse,0,0,0,56
2731,1,Siaptek-Jakarta,1,"Heavy Equipment",41,0,1,0,377,4,722,1,warehouse,0,0,0,21
2732,1,Siaptek-Jakarta,3,"Lifting Gears & Rigging",30,0,0,0,363,4,208,1,warehouse,0,0,0,34
2733,1,Siaptek-Jakarta,3,"Lifting Gears & Rigging",80,0,0,0,348,0,999,0,warehouse,0,0,0,34
2734,1,Siaptek-Jakarta,4,"NDT Equipment",36,3,2,43,1115,0,999,0,warehouse,0,1.8,0,67
2735,1,Siaptek-Jakarta,5,"Fire Fighting & HSE",83,0,0,0,942,2,2298,1,warehouse,0,0,0,18
2736,1,Siaptek-Jakarta,6,"Measurement & Testing",34,2,3,44,1037,1,318,1,warehouse,0,1.4,0,69
2737,1,Siaptek-Jakarta,1,"Heavy Equipment",7,1,1,62,62,0,999,0,warehouse,0,0.6067,0,100
2738,1,Siaptek-Jakarta,3,"Lifting Gears & Rigging",30,0,1,0,218,0,999,0,warehouse,0,0,0,94
2739,1,Siaptek-Jakarta,3,"Lifting Gears & Rigging",73,0,0,0,904,0,999,0,warehouse,0,0,0,48
2740,1,Siaptek-Jakarta,5,"Fire Fighting & HSE",77,0,0,0,0,3,1791,1,warehouse,0,0,0,6
2741,1,Siaptek-Jakarta,4,"NDT Equipment",57,0,0,0,714,4,1012,1,warehouse,0,0,0,7
2742,1,Siaptek-Jakarta,8,"Electrical & Electronics",12,2,1,47,59,2,25,1,warehouse,0,0.9967,0,88
2743,1,Siaptek-Jakarta,8,"Electrical & Electronics",25,1,0,0,208,1,430,1,warehouse,0,1,0,90
2744,1,Siaptek-Jakarta,2,"Lifting Appliances",18,3,3,90.5,403,2,76,1,warehouse,0,1.8,1,85
2745,1,Siaptek-Jakarta,8,"Electrical & Electronics",82,0,0,0,203,4,1780,1,warehouse,0,0,0,0
2746,1,Siaptek-Jakarta,8,"Electrical & Electronics",70,0,0,0,844,2,1403,1,warehouse,0,0,0,30
2747,1,Siaptek-Jakarta,3,"Lifting Gears & Rigging",81,0,0,0,1349,1,2386,1,warehouse,0,0,0,32
2748,1,Siaptek-Jakarta,3,"Lifting Gears & Rigging",47,0,0,0,784,4,890,1,warehouse,0,0,0,19
2749,1,Siaptek-Jakarta,2,"Lifting Appliances",18,0,1,0,87,3,260,1,warehouse,0,0,0,74
2750,1,Siaptek-Jakarta,6,"Measurement & Testing",76,0,0,0,0,3,1822,1,warehouse,0,0,0,8
2751,1,Siaptek-Jakarta,4,"NDT Equipment",70,0,0,0,0,1,1701,1,warehouse,0,0,0,48
2752,1,Siaptek-Jakarta,1,"Heavy Equipment",12,0,0,0,0,0,999,0,warehouse,0,0,0,123
2753,1,Siaptek-Jakarta,8,"Electrical & Electronics",22,1,1,0,164,2,54,1,warehouse,0,0.9467,0,88
2754,1,Siaptek-Jakarta,2,"Lifting Appliances",55,0,0,0,865,3,1129,1,warehouse,0,0,0,30
2755,1,Siaptek-Jakarta,4,"NDT Equipment",84,0,0,0,475,5,2118,1,warehouse,0,0,0,0
2756,1,Siaptek-Jakarta,2,"Lifting Appliances",72,0,0,0,655,0,999,0,warehouse,0,0,0,47
2757,1,Siaptek-Jakarta,3,"Lifting Gears & Rigging",31,0,2,0,413,0,999,0,warehouse,0,0,0,90
2758,1,Siaptek-Jakarta,8,"Electrical & Electronics",46,0,0,0,432,2,836,1,warehouse,0,0,0,57
2759,1,Siaptek-Jakarta,1,"Heavy Equipment",12,1,1,0,146,2,17,1,warehouse,0,0.8867,0,92
2760,1,Siaptek-Jakarta,4,"NDT Equipment",39,0,1,0,540,5,513,1,warehouse,0,0,0,1
2761,1,Siaptek-Jakarta,7,"Industrial Gas & Pressure",45,0,0,0,506,4,655,1,warehouse,0,0,0,18
2762,1,Siaptek-Jakarta,8,"Electrical & Electronics",19,2,0,0,133,2,78,1,warehouse,0,1.2433,1,66
2763,1,Siaptek-Jakarta,1,"Heavy Equipment",76,0,0,0,447,1,2125,1,warehouse,0,0,0,37
2764,1,Siaptek-Jakarta,3,"Lifting Gears & Rigging",17,1,2,0,300,1,41,1,warehouse,0,1,0,109
2765,1,Siaptek-Jakarta,6,"Measurement & Testing",72,0,0,0,387,0,999,0,warehouse,0,0,0,48
2766,1,Siaptek-Jakarta,1,"Heavy Equipment",37,0,0,0,87,0,999,0,warehouse,0,0,0,72
2767,1,Siaptek-Jakarta,1,"Heavy Equipment",48,0,0,0,166,1,1024,1,warehouse,0,0,0,55
2768,1,Siaptek-Jakarta,8,"Electrical & Electronics",63,0,0,0,295,1,1774,1,warehouse,0,0,0,47
2769,1,Siaptek-Jakarta,8,"Electrical & Electronics",19,0,0,0,0,4,20,1,warehouse,0,0,0,43
2770,1,Siaptek-Jakarta,7,"Industrial Gas & Pressure",60,0,0,0,393,1,1538,1,warehouse,0,0,0,59
2771,1,Siaptek-Jakarta,3,"Lifting Gears & Rigging",24,1,2,94,268,5,14,1,warehouse,0,1,1,17
2772,1,Siaptek-Jakarta,1,"Heavy Equipment",51,0,0,0,1168,1,1417,1,warehouse,0,0,0,66
2773,1,Siaptek-Jakarta,3,"Lifting Gears & Rigging",43,0,0,0,0,3,634,1,warehouse,0,0,0,35
2775,1,Siaptek-Jakarta,1,"Heavy Equipment",77,0,0,0,41,2,1618,1,warehouse,0,0,0,24
2776,1,Siaptek-Jakarta,1,"Heavy Equipment",69,0,0,0,573,5,1549,1,warehouse,0,0,0,0
2777,1,Siaptek-Jakarta,2,"Lifting Appliances",11,0,0,0,27,1,14,1,warehouse,0,0,0,101
2779,1,Siaptek-Jakarta,1,"Heavy Equipment",45,0,0,0,843,0,999,0,warehouse,0,0,0,65
2780,1,Siaptek-Jakarta,4,"NDT Equipment",78,0,0,0,158,2,1763,1,warehouse,0,0,0,23
2781,1,Siaptek-Jakarta,5,"Fire Fighting & HSE",68,0,0,0,407,3,1709,1,warehouse,0,0,0,18
2782,1,Siaptek-Jakarta,4,"NDT Equipment",7,2,1,16,16,0,999,0,warehouse,0,0.8533,0,126
2783,1,Siaptek-Jakarta,5,"Fire Fighting & HSE",27,2,2,97,640,1,654,1,warehouse,0,1.4,0,73
2785,1,Siaptek-Jakarta,7,"Industrial Gas & Pressure",44,0,0,0,98,0,999,0,warehouse,0,0,0,75
2786,1,Siaptek-Jakarta,3,"Lifting Gears & Rigging",79,0,0,0,942,3,1970,1,warehouse,0,0,0,5
2787,1,Siaptek-Jakarta,1,"Heavy Equipment",32,0,0,0,0,1,650,1,warehouse,0,0,0,87
2789,1,Siaptek-Jakarta,3,"Lifting Gears & Rigging",70,0,0,0,1108,0,999,0,warehouse,0,0,0,56
2790,1,Siaptek-Jakarta,8,"Electrical & Electronics",57,0,0,0,204,5,1033,1,warehouse,0,0,0,0
2791,1,Siaptek-Jakarta,5,"Fire Fighting & HSE",72,0,0,0,1085,5,1509,1,warehouse,0,0,0,0
2792,1,Siaptek-Jakarta,3,"Lifting Gears & Rigging",23,0,0,0,0,1,214,1,warehouse,0,0,0,89
2794,1,Siaptek-Jakarta,5,"Fire Fighting & HSE",11,0,1,0,82,0,999,0,warehouse,0,0,0,120
2795,1,Siaptek-Jakarta,8,"Electrical & Electronics",41,0,0,0,372,5,776,1,warehouse,0,0,0,0
2797,1,Siaptek-Jakarta,2,"Lifting Appliances",79,0,0,0,1141,5,1764,1,warehouse,0,0,0,0
2798,1,Siaptek-Jakarta,6,"Measurement & Testing",14,2,1,53,101,3,161,1,warehouse,0,1.1367,0,70
2799,1,Siaptek-Jakarta,4,"NDT Equipment",74,0,0,0,812,2,1745,1,warehouse,0,0,0,28
2801,1,Siaptek-Jakarta,8,"Electrical & Electronics",51,0,0,0,922,3,981,1,warehouse,0,0,0,36
2802,1,Siaptek-Jakarta,3,"Lifting Gears & Rigging",84,0,0,0,0,4,1877,1,warehouse,0,0,0,0
2803,1,Siaptek-Jakarta,2,"Lifting Appliances",44,0,0,0,313,4,767,1,warehouse,0,0,0,19
2804,1,Siaptek-Jakarta,7,"Industrial Gas & Pressure",69,0,0,0,119,5,1433,1,warehouse,0,0,0,0
2805,1,Siaptek-Jakarta,7,"Industrial Gas & Pressure",60,0,0,0,652,3,1119,1,warehouse,0,0,0,21
2806,1,Siaptek-Jakarta,3,"Lifting Gears & Rigging",46,0,0,0,247,0,999,0,warehouse,0,0,0,63
2807,1,Siaptek-Jakarta,5,"Fire Fighting & HSE",75,0,0,0,353,3,1782,1,warehouse,0,0,0,9
2808,1,Siaptek-Jakarta,4,"NDT Equipment",44,0,0,0,19,0,999,0,warehouse,0,0,0,84
2809,1,Siaptek-Jakarta,6,"Measurement & Testing",7,1,0,0,0,0,999,0,warehouse,0,0.4,0,107
2810,1,Siaptek-Jakarta,5,"Fire Fighting & HSE",55,0,0,0,650,4,1037,1,warehouse,0,0,0,9
2811,1,Siaptek-Jakarta,5,"Fire Fighting & HSE",35,0,0,0,450,4,468,1,warehouse,0,0,0,25
2812,1,Siaptek-Jakarta,1,"Heavy Equipment",61,0,0,0,51,5,1207,1,warehouse,0,0,0,0
2813,1,Siaptek-Jakarta,1,"Heavy Equipment",54,0,0,0,170,5,1184,1,warehouse,0,0,0,0
2814,1,Siaptek-Jakarta,4,"NDT Equipment",82,0,0,0,844,0,999,0,warehouse,0,0,0,35
2815,1,Siaptek-Jakarta,6,"Measurement & Testing",31,2,1,19,327,2,517,1,warehouse,0,1.4,1,58
2816,1,Siaptek-Jakarta,5,"Fire Fighting & HSE",50,0,0,0,1213,0,999,0,warehouse,0,0,0,67
2817,1,Siaptek-Jakarta,3,"Lifting Gears & Rigging",72,0,0,0,406,2,1800,1,warehouse,0,0,0,25
2818,1,Siaptek-Jakarta,7,"Industrial Gas & Pressure",17,0,1,0,108,3,17,1,warehouse,0,0,0,62
2819,1,Siaptek-Jakarta,8,"Electrical & Electronics",67,0,0,0,283,3,1726,1,warehouse,0,0,0,19
2820,1,Siaptek-Jakarta,6,"Measurement & Testing",82,0,0,0,204,0,999,0,warehouse,0,0,0,39
2821,1,Siaptek-Jakarta,2,"Lifting Appliances",72,0,0,0,686,5,1619,1,warehouse,0,0,0,0
2822,1,Siaptek-Jakarta,8,"Electrical & Electronics",6,2,1,13,13,0,999,0,warehouse,0,0.8433,0,122
2823,1,Siaptek-Jakarta,1,"Heavy Equipment",78,0,0,0,529,2,2118,1,warehouse,0,0,0,21
2824,1,Siaptek-Jakarta,1,"Heavy Equipment",9,0,1,0,147,0,999,0,warehouse,0,0,0,107
2825,1,Siaptek-Jakarta,1,"Heavy Equipment",18,3,0,0,227,2,169,1,warehouse,0,1.8,1,66
2827,1,Siaptek-Jakarta,3,"Lifting Gears & Rigging",63,0,0,0,0,3,1195,1,warehouse,0,0,0,18
2828,1,Siaptek-Jakarta,3,"Lifting Gears & Rigging",76,0,0,0,134,2,1753,1,warehouse,0,0,0,27
2829,1,Siaptek-Jakarta,8,"Electrical & Electronics",10,0,2,0,222,1,70,1,warehouse,0,0,0,113
2831,1,Siaptek-Jakarta,2,"Lifting Appliances",26,0,2,0,503,1,654,1,warehouse,0,0,0,83
2832,1,Siaptek-Jakarta,4,"NDT Equipment",14,1,1,130,130,1,155,1,warehouse,0,0.8333,0,102
2833,1,Siaptek-Jakarta,1,"Heavy Equipment",16,0,0,0,0,1,7,1,warehouse,0,0,0,90
2834,1,Siaptek-Jakarta,6,"Measurement & Testing",10,2,1,106,106,1,79,1,warehouse,0,1.1533,0,99
2835,1,Siaptek-Jakarta,8,"Electrical & Electronics",34,1,1,131,145,4,328,1,warehouse,0,0.8833,1,34
2836,1,Siaptek-Jakarta,1,"Heavy Equipment",76,0,0,0,856,3,1613,1,warehouse,0,0,0,8
2837,1,Siaptek-Jakarta,3,"Lifting Gears & Rigging",32,3,2,81.5,333,3,463,1,warehouse,0,1.8,1,53
2838,1,Siaptek-Jakarta,8,"Electrical & Electronics",38,0,2,0,1162,4,799,1,warehouse,0,0,0,24
2839,1,Siaptek-Jakarta,4,"NDT Equipment",81,0,0,0,1091,2,1898,1,warehouse,0,0,0,18
2840,1,Siaptek-Jakarta,3,"Lifting Gears & Rigging",16,0,0,0,262,0,999,0,warehouse,0,0,0,90
2841,1,Siaptek-Jakarta,5,"Fire Fighting & HSE",53,0,0,0,612,0,999,0,warehouse,0,0,0,65
2842,1,Siaptek-Jakarta,2,"Lifting Appliances",17,0,0,0,337,4,95,1,warehouse,0,0,0,50
2843,1,Siaptek-Jakarta,5,"Fire Fighting & HSE",68,0,0,0,471,0,999,0,warehouse,0,0,0,54
2844,1,Siaptek-Jakarta,1,"Heavy Equipment",51,0,0,0,737,3,933,1,warehouse,0,0,0,28
2845,1,Siaptek-Jakarta,1,"Heavy Equipment",59,0,0,0,453,3,1219,1,warehouse,0,0,0,24
2846,1,Siaptek-Jakarta,6,"Measurement & Testing",18,0,1,0,116,1,103,1,warehouse,0,0,0,100
2847,1,Siaptek-Jakarta,7,"Industrial Gas & Pressure",14,0,3,0,389,3,51,1,warehouse,0,0,0,64
2848,1,Siaptek-Jakarta,1,"Heavy Equipment",79,0,0,0,637,4,1764,1,warehouse,0,0,0,0
2849,1,Siaptek-Jakarta,6,"Measurement & Testing",26,1,0,0,0,4,127,1,warehouse,0,0.4,0,40
2850,1,Siaptek-Jakarta,5,"Fire Fighting & HSE",60,0,0,0,357,2,1400,1,warehouse,0,0,0,43
2851,1,Siaptek-Jakarta,3,"Lifting Gears & Rigging",20,1,0,0,108,1,392,1,warehouse,0,0.76,0,90
2852,1,Siaptek-Jakarta,5,"Fire Fighting & HSE",73,0,0,0,0,1,2018,1,warehouse,0,0,0,41
2854,1,Siaptek-Jakarta,8,"Electrical & Electronics",31,2,3,27.5,358,3,495,1,warehouse,0,1.4,1,43
2855,1,Siaptek-Jakarta,2,"Lifting Appliances",38,5,2,37,523,3,645,1,warehouse,0,2.6,1,35
2856,1,Siaptek-Jakarta,4,"NDT Equipment",6,0,0,0,0,0,999,0,warehouse,0,0,0,117
2857,1,Siaptek-Jakarta,4,"NDT Equipment",22,0,0,0,129,4,52,1,warehouse,0,0,0,40
2858,1,Siaptek-Jakarta,1,"Heavy Equipment",37,1,0,0,120,1,510,1,warehouse,0,0.8,0,83
2859,1,Siaptek-Jakarta,6,"Measurement & Testing",50,0,0,0,521,3,1045,1,warehouse,0,0,0,38
2860,1,Siaptek-Jakarta,1,"Heavy Equipment",77,0,0,0,150,4,1659,1,warehouse,0,0,0,0
2861,1,Siaptek-Jakarta,8,"Electrical & Electronics",83,0,0,0,762,2,1799,1,warehouse,0,0,0,14
2862,1,Siaptek-Jakarta,2,"Lifting Appliances",81,0,0,0,840,3,1768,1,warehouse,0,0,0,3
2863,1,Siaptek-Jakarta,8,"Electrical & Electronics",76,0,0,0,658,0,999,0,warehouse,0,0,0,46
2864,1,Siaptek-Jakarta,4,"NDT Equipment",45,0,0,0,18,3,712,1,warehouse,0,0,0,36
2865,1,Siaptek-Jakarta,1,"Heavy Equipment",15,1,1,11,195,2,93,1,warehouse,0,1,0,84
2866,1,Siaptek-Jakarta,6,"Measurement & Testing",56,0,0,0,854,5,1276,1,warehouse,0,0,0,0
2867,1,Siaptek-Jakarta,3,"Lifting Gears & Rigging",45,0,0,0,707,3,1081,1,warehouse,0,0,0,41
2869,1,Siaptek-Jakarta,3,"Lifting Gears & Rigging",14,1,1,88,88,0,999,0,warehouse,0,0.6933,0,114
2870,1,Siaptek-Jakarta,1,"Heavy Equipment",54,0,0,0,1054,2,1086,1,warehouse,0,0,0,46
2871,1,Siaptek-Jakarta,5,"Fire Fighting & HSE",45,0,0,0,290,4,650,1,warehouse,0,0,0,16
2873,1,Siaptek-Jakarta,5,"Fire Fighting & HSE",54,0,0,0,427,3,1011,1,warehouse,0,0,0,26
2874,1,Siaptek-Jakarta,1,"Heavy Equipment",41,0,0,0,398,5,529,1,warehouse,0,0,0,0
2876,1,Siaptek-Jakarta,3,"Lifting Gears & Rigging",75,0,0,0,591,2,2143,1,warehouse,0,0,0,22
2877,1,Siaptek-Jakarta,4,"NDT Equipment",35,0,1,0,194,1,437,1,warehouse,0,0,0,88
2878,1,Siaptek-Jakarta,5,"Fire Fighting & HSE",47,0,0,0,1076,5,811,1,warehouse,0,0,0,0
2879,1,Siaptek-Jakarta,3,"Lifting Gears & Rigging",19,1,3,76,331,0,999,0,warehouse,0,1,0,108
2880,1,Siaptek-Jakarta,6,"Measurement & Testing",45,0,0,0,655,5,732,1,warehouse,0,0,0,0
2881,1,Siaptek-Jakarta,3,"Lifting Gears & Rigging",26,6,0,0,350,3,150,1,warehouse,0,3,1,51
2883,1,Siaptek-Jakarta,5,"Fire Fighting & HSE",61,0,0,0,22,3,1216,1,warehouse,0,0,0,24
2884,1,Siaptek-Jakarta,5,"Fire Fighting & HSE",46,0,0,0,698,4,806,1,warehouse,0,0,0,19
2886,1,Siaptek-Jakarta,3,"Lifting Gears & Rigging",32,2,3,9,494,3,334,1,warehouse,0,1.4,1,49
2888,1,Siaptek-Jakarta,3,"Lifting Gears & Rigging",68,0,0,0,108,0,999,0,warehouse,0,0,0,45
2889,1,Siaptek-Jakarta,6,"Measurement & Testing",81,0,0,0,639,4,1819,1,warehouse,0,0,0,0
2890,1,Siaptek-Jakarta,5,"Fire Fighting & HSE",40,0,0,0,306,4,561,1,warehouse,0,0,0,25
2892,1,Siaptek-Jakarta,4,"NDT Equipment",8,1,1,0,117,2,6,1,warehouse,0,0.79,0,101
2893,1,Siaptek-Jakarta,7,"Industrial Gas & Pressure",58,0,0,0,123,0,999,0,warehouse,0,0,0,59
2894,1,Siaptek-Jakarta,1,"Heavy Equipment",37,3,1,84,474,1,414,1,warehouse,0,1.8,1,77
2895,1,Siaptek-Jakarta,3,"Lifting Gears & Rigging",9,0,0,0,0,0,999,0,warehouse,0,0,0,109
2896,1,Siaptek-Jakarta,8,"Electrical & Electronics",63,0,0,0,1007,2,1211,1,warehouse,0,0,0,35
2897,1,Siaptek-Jakarta,6,"Measurement & Testing",25,2,0,0,66,2,92,1,warehouse,0,1.02,0,73
2898,1,Siaptek-Jakarta,1,"Heavy Equipment",13,0,0,0,0,0,999,0,warehouse,0,0,0,121
2899,1,Siaptek-Jakarta,3,"Lifting Gears & Rigging",44,0,0,0,536,1,650,1,warehouse,0,0,0,76
2900,1,Siaptek-Jakarta,3,"Lifting Gears & Rigging",28,2,2,70,140,4,129,1,warehouse,0,1.2667,1,33
2901,1,Siaptek-Jakarta,6,"Measurement & Testing",37,1,0,0,719,2,480,1,warehouse,0,1,0,66
2902,1,Siaptek-Jakarta,5,"Fire Fighting & HSE",7,1,0,0,0,0,999,0,warehouse,0,0.4,0,96
2903,1,Siaptek-Jakarta,5,"Fire Fighting & HSE",79,0,0,0,549,2,1747,1,warehouse,0,0,0,23
2904,1,Siaptek-Jakarta,2,"Lifting Appliances",21,1,1,0,426,1,243,1,warehouse,0,1,0,86
2905,1,Siaptek-Jakarta,5,"Fire Fighting & HSE",41,0,1,0,738,3,558,1,warehouse,0,0,0,48
2906,1,Siaptek-Jakarta,3,"Lifting Gears & Rigging",55,0,0,0,603,2,1272,1,warehouse,0,0,0,52
2907,1,Siaptek-Jakarta,7,"Industrial Gas & Pressure",84,0,0,0,836,5,1901,1,warehouse,0,0,0,0
2909,1,Siaptek-Jakarta,1,"Heavy Equipment",12,1,0,0,0,0,999,0,warehouse,0,0.4,0,95
2910,1,Siaptek-Jakarta,5,"Fire Fighting & HSE",67,0,0,0,221,2,1876,1,warehouse,0,0,0,33
2913,1,Siaptek-Jakarta,4,"NDT Equipment",10,0,0,0,0,1,82,1,warehouse,0,0,0,109
2914,1,Siaptek-Jakarta,3,"Lifting Gears & Rigging",33,1,0,0,468,0,999,0,warehouse,0,1,0,98
2915,1,Siaptek-Jakarta,3,"Lifting Gears & Rigging",37,1,2,68,546,1,566,1,warehouse,0,1,0,71
2916,1,Siaptek-Jakarta,8,"Electrical & Electronics",7,1,1,42,42,2,78,1,warehouse,0,0.54,0,82
2917,1,Siaptek-Jakarta,1,"Heavy Equipment",79,0,0,0,931,4,1889,1,warehouse,0,0,0,0
2918,1,Siaptek-Jakarta,1,"Heavy Equipment",9,2,2,68,175,1,115,1,warehouse,0,1.3833,0,89
2919,1,Siaptek-Jakarta,7,"Industrial Gas & Pressure",20,1,1,141,435,4,172,1,warehouse,0,1,1,43
2920,1,Siaptek-Jakarta,5,"Fire Fighting & HSE",48,0,0,0,725,5,875,1,warehouse,0,0,0,0
2921,1,Siaptek-Jakarta,6,"Measurement & Testing",11,1,1,19,19,1,87,1,warehouse,0,0.4633,0,101
2923,1,Siaptek-Jakarta,1,"Heavy Equipment",33,1,2,55,490,3,325,1,warehouse,0,1,0,58
2924,1,Siaptek-Jakarta,3,"Lifting Gears & Rigging",12,2,0,0,104,0,999,0,warehouse,0,1.1467,0,105
2926,1,Siaptek-Jakarta,3,"Lifting Gears & Rigging",49,0,0,0,522,0,999,0,warehouse,0,0,0,71
2927,1,Siaptek-Jakarta,3,"Lifting Gears & Rigging",43,0,0,0,506,3,586,1,warehouse,0,0,0,43
2928,1,Siaptek-Jakarta,3,"Lifting Gears & Rigging",10,2,1,10,57,1,133,1,warehouse,0,0.99,0,99
2929,1,Siaptek-Jakarta,3,"Lifting Gears & Rigging",26,2,0,0,435,2,309,1,warehouse,0,1.4,1,68
2930,1,Siaptek-Jakarta,2,"Lifting Appliances",32,1,0,0,275,3,438,1,warehouse,0,1,0,56
2931,1,Siaptek-Jakarta,1,"Heavy Equipment",78,0,0,0,1383,2,1900,1,warehouse,0,0,0,19
2932,1,Siaptek-Jakarta,3,"Lifting Gears & Rigging",36,1,0,0,383,0,999,0,warehouse,0,1,0,90
2933,1,Siaptek-Jakarta,8,"Electrical & Electronics",81,0,0,0,232,4,1940,1,warehouse,0,0,0,0
2934,1,Siaptek-Jakarta,5,"Fire Fighting & HSE",38,2,2,0,1089,5,443,1,warehouse,0,1.4,1,2
2935,1,Siaptek-Jakarta,6,"Measurement & Testing",41,0,0,0,226,2,787,1,warehouse,0,0,0,60
2936,1,Siaptek-Jakarta,8,"Electrical & Electronics",66,0,0,0,319,0,999,0,warehouse,0,0,0,46
2938,1,Siaptek-Jakarta,1,"Heavy Equipment",34,1,1,0,320,4,347,1,warehouse,0,1,1,35
2939,1,Siaptek-Jakarta,1,"Heavy Equipment",71,0,0,0,235,5,1455,1,warehouse,0,0,0,0
2940,1,Siaptek-Jakarta,3,"Lifting Gears & Rigging",83,0,0,0,199,2,2072,1,warehouse,0,0,0,16
2941,1,Siaptek-Jakarta,3,"Lifting Gears & Rigging",22,0,0,0,129,3,165,1,warehouse,0,0,0,57
2942,1,Siaptek-Jakarta,4,"NDT Equipment",52,0,0,0,0,1,1197,1,warehouse,0,0,0,66
2943,1,Siaptek-Jakarta,3,"Lifting Gears & Rigging",67,0,0,0,139,2,1840,1,warehouse,0,0,0,31
2944,1,Siaptek-Jakarta,4,"NDT Equipment",24,1,1,63,174,3,30,1,warehouse,0,0.98,0,58
2945,1,Siaptek-Jakarta,2,"Lifting Appliances",40,0,3,0,432,2,820,1,warehouse,0,0,0,68
2946,1,Siaptek-Jakarta,7,"Industrial Gas & Pressure",58,0,0,0,132,1,1508,1,warehouse,0,0,0,50
2947,1,Siaptek-Jakarta,5,"Fire Fighting & HSE",39,0,0,0,753,1,762,1,warehouse,0,0,0,78
2948,1,Siaptek-Jakarta,8,"Electrical & Electronics",52,0,0,0,454,4,907,1,warehouse,0,0,0,12
2949,1,Siaptek-Jakarta,8,"Electrical & Electronics",20,4,3,74,321,3,203,1,warehouse,0,2.2,1,57
2950,1,Siaptek-Jakarta,1,"Heavy Equipment",68,0,0,0,318,3,1539,1,warehouse,0,0,0,17
2951,1,Siaptek-Jakarta,1,"Heavy Equipment",47,0,0,0,321,3,918,1,warehouse,0,0,0,41
2953,1,Siaptek-Jakarta,5,"Fire Fighting & HSE",64,0,0,0,728,4,1228,1,warehouse,0,0,0,0
2954,1,Siaptek-Jakarta,3,"Lifting Gears & Rigging",32,0,0,0,27,1,835,1,warehouse,0,0,0,73
2955,1,Siaptek-Jakarta,4,"NDT Equipment",9,0,1,0,174,0,999,0,warehouse,0,0,0,97
2956,1,Siaptek-Jakarta,5,"Fire Fighting & HSE",57,0,0,0,630,5,1039,1,warehouse,0,0,0,0
2957,1,Siaptek-Jakarta,5,"Fire Fighting & HSE",70,0,0,0,134,2,1578,1,warehouse,0,0,0,31
2958,1,Siaptek-Jakarta,7,"Industrial Gas & Pressure",70,0,0,0,651,2,1583,1,warehouse,0,0,0,32
2959,1,Siaptek-Jakarta,1,"Heavy Equipment",67,0,0,0,1010,5,1368,1,warehouse,0,0,0,0
2960,1,Siaptek-Jakarta,2,"Lifting Appliances",32,1,0,0,436,1,452,1,warehouse,0,1,0,69
2961,1,Siaptek-Jakarta,7,"Industrial Gas & Pressure",15,1,2,49,194,1,64,1,warehouse,0,1,0,106
2962,1,Siaptek-Jakarta,6,"Measurement & Testing",60,0,0,0,350,3,1111,1,warehouse,0,0,0,20
2963,1,Siaptek-Jakarta,6,"Measurement & Testing",54,0,0,0,1257,5,937,1,warehouse,0,0,0,0
2964,1,Siaptek-Jakarta,3,"Lifting Gears & Rigging",43,0,0,0,891,5,617,1,warehouse,0,0,0,0
2965,1,Siaptek-Jakarta,5,"Fire Fighting & HSE",34,2,0,0,295,3,336,1,warehouse,0,1.4,1,40
2967,1,Siaptek-Jakarta,4,"NDT Equipment",33,0,1,0,206,3,376,1,warehouse,0,0,0,44
2968,1,Siaptek-Jakarta,5,"Fire Fighting & HSE",37,1,2,0,531,3,746,1,warehouse,0,1,0,45
2969,1,Siaptek-Jakarta,2,"Lifting Appliances",23,0,0,0,0,3,108,1,warehouse,0,0,0,60
2970,1,Siaptek-Jakarta,3,"Lifting Gears & Rigging",73,0,0,0,491,3,1625,1,warehouse,0,0,0,10
2971,1,Siaptek-Jakarta,4,"NDT Equipment",41,0,0,0,385,0,999,0,warehouse,0,0,0,78
2972,1,Siaptek-Jakarta,2,"Lifting Appliances",26,2,0,0,239,5,173,1,warehouse,0,1.4,1,13
2973,1,Siaptek-Jakarta,7,"Industrial Gas & Pressure",7,1,0,0,0,2,19,1,warehouse,0,0.4,0,105
2974,1,Siaptek-Jakarta,7,"Industrial Gas & Pressure",13,1,1,71,71,0,999,0,warehouse,0,0.6367,0,120
2975,1,Siaptek-Jakarta,4,"NDT Equipment",72,0,0,0,1163,2,1799,1,warehouse,0,0,0,24
2976,1,Siaptek-Jakarta,2,"Lifting Appliances",58,0,0,0,65,1,1155,1,warehouse,0,0,0,53
2977,1,Siaptek-Jakarta,7,"Industrial Gas & Pressure",46,0,0,0,1039,2,1056,1,warehouse,0,0,0,54
2978,1,Siaptek-Jakarta,6,"Measurement & Testing",34,3,2,0,658,3,675,1,warehouse,0,1.8,1,40
2979,1,Siaptek-Jakarta,8,"Electrical & Electronics",27,1,0,0,441,2,338,1,warehouse,0,1,0,74
2980,1,Siaptek-Jakarta,6,"Measurement & Testing",40,0,0,0,42,5,960,1,warehouse,0,0,0,0
2981,1,Siaptek-Jakarta,7,"Industrial Gas & Pressure",66,0,0,0,282,2,1627,1,warehouse,0,0,0,38
2982,1,Siaptek-Jakarta,7,"Industrial Gas & Pressure",59,0,0,0,919,1,1085,1,warehouse,0,0,0,58
2983,1,Siaptek-Jakarta,3,"Lifting Gears & Rigging",52,0,0,0,37,5,882,1,warehouse,0,0,0,0
2984,1,Siaptek-Jakarta,2,"Lifting Appliances",83,0,0,0,0,4,1818,1,warehouse,0,0,0,0
2985,1,Siaptek-Jakarta,4,"NDT Equipment",79,0,0,0,968,5,1823,1,warehouse,0,0,0,0
2986,1,Siaptek-Jakarta,4,"NDT Equipment",14,3,1,0,189,1,235,1,warehouse,0,1.8,1,92
2987,1,Siaptek-Jakarta,2,"Lifting Appliances",56,0,0,0,317,3,1001,1,warehouse,0,0,0,32
2988,1,Siaptek-Jakarta,1,"Heavy Equipment",66,0,0,0,815,5,1402,1,warehouse,0,0,0,0
2989,1,Siaptek-Jakarta,3,"Lifting Gears & Rigging",57,0,0,0,224,1,1669,1,warehouse,0,0,0,50
2990,1,Siaptek-Jakarta,8,"Electrical & Electronics",27,0,0,0,0,3,604,1,warehouse,0,0,0,50
2991,1,Siaptek-Jakarta,1,"Heavy Equipment",50,0,0,0,74,1,981,1,warehouse,0,0,0,55
2992,1,Siaptek-Jakarta,3,"Lifting Gears & Rigging",77,0,0,0,205,0,999,0,warehouse,0,0,0,45
2993,1,Siaptek-Jakarta,5,"Fire Fighting & HSE",36,0,0,0,0,4,434,1,warehouse,0,0,0,29
2994,1,Siaptek-Jakarta,7,"Industrial Gas & Pressure",76,0,0,0,1210,5,1857,1,warehouse,0,0,0,0
2995,1,Siaptek-Jakarta,8,"Electrical & Electronics",49,0,0,0,0,4,920,1,warehouse,0,0,0,15
2996,1,Siaptek-Jakarta,5,"Fire Fighting & HSE",54,0,0,0,584,3,1458,1,warehouse,0,0,0,32
2997,1,Siaptek-Jakarta,3,"Lifting Gears & Rigging",72,0,0,0,253,5,1515,1,warehouse,0,0,0,0
2999,1,Siaptek-Jakarta,3,"Lifting Gears & Rigging",61,0,0,0,932,3,1214,1,warehouse,0,0,0,26
3000,1,Siaptek-Jakarta,7,"Industrial Gas & Pressure",69,0,0,0,779,4,1573,1,warehouse,0,0,0,0
3001,1,Siaptek-Jakarta,5,"Fire Fighting & HSE",17,2,1,8,314,0,999,0,warehouse,0,1.4,0,91
3002,1,Siaptek-Jakarta,3,"Lifting Gears & Rigging",70,0,0,0,779,1,1491,1,warehouse,0,0,0,43
3003,1,Siaptek-Jakarta,3,"Lifting Gears & Rigging",9,0,0,0,0,0,999,0,warehouse,0,0,0,103
3004,1,Siaptek-Jakarta,8,"Electrical & Electronics",74,0,0,0,905,4,1892,1,warehouse,0,0,0,0
3005,1,Siaptek-Jakarta,2,"Lifting Appliances",32,4,1,40,162,4,631,1,warehouse,0,2.14,1,28
3006,1,Siaptek-Jakarta,2,"Lifting Appliances",60,0,0,0,73,1,1689,1,warehouse,0,0,0,57
3007,1,Siaptek-Jakarta,2,"Lifting Appliances",72,0,0,0,1076,2,1679,1,warehouse,0,0,0,31
3008,1,Siaptek-Jakarta,8,"Electrical & Electronics",79,0,0,0,199,1,1882,1,warehouse,0,0,0,30
3009,1,Siaptek-Jakarta,5,"Fire Fighting & HSE",37,4,0,0,317,2,701,1,warehouse,0,2.2,1,50
3010,1,Siaptek-Jakarta,4,"NDT Equipment",30,3,0,0,925,1,382,1,warehouse,0,1.8,1,84
3011,1,Siaptek-Jakarta,6,"Measurement & Testing",13,0,0,0,71,0,999,0,warehouse,0,0,0,100
3012,1,Siaptek-Jakarta,4,"NDT Equipment",25,2,1,0,216,2,102,1,warehouse,0,1.4,1,77
3013,1,Siaptek-Jakarta,7,"Industrial Gas & Pressure",16,0,0,0,494,0,999,0,warehouse,0,0,0,106
3014,1,Siaptek-Jakarta,7,"Industrial Gas & Pressure",46,0,0,0,0,3,727,1,warehouse,0,0,0,37
3015,1,Siaptek-Jakarta,5,"Fire Fighting & HSE",71,0,0,0,121,2,1548,1,warehouse,0,0,0,30
3016,1,Siaptek-Jakarta,7,"Industrial Gas & Pressure",59,0,0,0,102,4,1154,1,warehouse,0,0,0,4
3017,1,Siaptek-Jakarta,6,"Measurement & Testing",34,7,2,98.5,335,1,644,1,warehouse,0,3.4,1,62
3018,1,Siaptek-Jakarta,3,"Lifting Gears & Rigging",34,1,0,0,403,2,488,1,warehouse,0,1,0,71
3019,1,Siaptek-Jakarta,3,"Lifting Gears & Rigging",10,0,0,0,0,1,49,1,warehouse,0,0,0,89
3020,1,Siaptek-Jakarta,6,"Measurement & Testing",52,0,0,0,864,0,999,0,warehouse,0,0,0,64
3021,1,Siaptek-Jakarta,6,"Measurement & Testing",17,0,0,0,0,2,193,1,warehouse,0,0,0,89
3023,1,Siaptek-Jakarta,4,"NDT Equipment",81,0,0,0,768,1,1902,1,warehouse,0,0,0,30
3024,1,Siaptek-Jakarta,1,"Heavy Equipment",6,0,0,0,0,0,999,0,warehouse,0,0,0,123
3025,1,Siaptek-Jakarta,5,"Fire Fighting & HSE",73,0,0,0,586,3,1651,1,warehouse,0,0,0,12
3026,1,Siaptek-Jakarta,1,"Heavy Equipment",49,0,0,0,492,1,1342,1,warehouse,0,0,0,56
3027,1,Siaptek-Jakarta,3,"Lifting Gears & Rigging",30,2,2,80,550,3,207,1,warehouse,0,1.4,1,52
3028,1,Siaptek-Jakarta,8,"Electrical & Electronics",74,0,0,0,971,2,1969,1,warehouse,0,0,0,22
3029,1,Siaptek-Jakarta,3,"Lifting Gears & Rigging",83,0,0,0,677,5,1830,1,warehouse,0,0,0,0
3030,1,Siaptek-Jakarta,6,"Measurement & Testing",83,0,0,0,1007,1,2279,1,warehouse,0,0,0,26
3031,1,Siaptek-Jakarta,5,"Fire Fighting & HSE",58,0,0,0,402,3,1342,1,warehouse,0,0,0,23
3032,1,Siaptek-Jakarta,1,"Heavy Equipment",44,0,0,0,807,0,999,0,warehouse,0,0,0,77
3034,1,Siaptek-Jakarta,2,"Lifting Appliances",24,0,0,0,0,1,55,1,warehouse,0,0,0,95
3035,1,Siaptek-Jakarta,3,"Lifting Gears & Rigging",74,0,0,0,0,0,999,0,warehouse,0,0,0,50
3036,1,Siaptek-Jakarta,2,"Lifting Appliances",11,0,0,0,0,1,53,1,warehouse,0,0,0,97
3037,1,Siaptek-Jakarta,1,"Heavy Equipment",15,4,1,0,42,0,999,0,warehouse,0,1.74,0,109
3038,1,Siaptek-Jakarta,7,"Industrial Gas & Pressure",60,0,0,0,0,0,999,0,warehouse,0,0,0,52
3039,1,Siaptek-Jakarta,2,"Lifting Appliances",49,0,0,0,105,5,795,1,warehouse,0,0,0,0
3040,1,Siaptek-Jakarta,3,"Lifting Gears & Rigging",13,2,1,0,41,0,999,0,warehouse,0,0.9367,0,107
